feature,n_total,n_valid,n_missing,missing_fraction,availability_fraction,availability_pct
g_ls_best_frequency,150,77,73,0.4866666666666667,0.5133333333333333,51.33333333333333
g_ls_best_period_days,150,77,73,0.4866666666666667,0.5133333333333333,51.33333333333333
g_ls_best_power,150,77,73,0.4866666666666667,0.5133333333333333,51.33333333333333
g_ls_fap,150,77,73,0.4866666666666667,0.5133333333333333,51.33333333333333
g_ls_max_period_days,150,77,73,0.4866666666666667,0.5133333333333333,51.33333333333333
g_ls_min_period_days,150,77,73,0.4866666666666667,0.5133333333333333,51.33333333333333
g_phase_amplitude,150,77,73,0.4866666666666667,0.5133333333333333,51.33333333333333
g_phase_bright_fraction,150,77,73,0.4866666666666667,0.5133333333333333,51.33333333333333
g_phase_iqr,150,77,73,0.4866666666666667,0.5133333333333333,51.33333333333333
g_phase_max_mag_phase,150,77,73,0.4866666666666667,0.5133333333333333,51.33333333333333
g_phase_min_mag_phase,150,77,73,0.4866666666666667,0.5133333333333333,51.33333333333333
g_phase_robust_amplitude,150,77,73,0.4866666666666667,0.5133333333333333,51.33333333333333
g_phase_skewness,150,77,73,0.4866666666666667,0.5133333333333333,51.33333333333333
r_ls_best_frequency,150,82,68,0.4533333333333333,0.5466666666666666,54.666666666666664
r_ls_best_period_days,150,82,68,0.4533333333333333,0.5466666666666666,54.666666666666664
r_ls_best_power,150,82,68,0.4533333333333333,0.5466666666666666,54.666666666666664
r_ls_fap,150,82,68,0.4533333333333333,0.5466666666666666,54.666666666666664
r_ls_max_period_days,150,82,68,0.4533333333333333,0.5466666666666666,54.666666666666664
r_ls_min_period_days,150,82,68,0.4533333333333333,0.5466666666666666,54.666666666666664
r_phase_amplitude,150,82,68,0.4533333333333333,0.5466666666666666,54.666666666666664
r_phase_bright_fraction,150,82,68,0.4533333333333333,0.5466666666666666,54.666666666666664
r_phase_iqr,150,82,68,0.4533333333333333,0.5466666666666666,54.666666666666664
r_phase_max_mag_phase,150,82,68,0.4533333333333333,0.5466666666666666,54.666666666666664
r_phase_min_mag_phase,150,82,68,0.4533333333333333,0.5466666666666666,54.666666666666664
r_phase_robust_amplitude,150,82,68,0.4533333333333333,0.5466666666666666,54.666666666666664
r_phase_skewness,150,82,68,0.4533333333333333,0.5466666666666666,54.666666666666664
g_amplitude_mag,150,116,34,0.22666666666666666,0.7733333333333333,77.33333333333333
g_baseline_days,150,116,34,0.22666666666666666,0.7733333333333333,77.33333333333333
g_iqr_mag,150,116,34,0.22666666666666666,0.7733333333333333,77.33333333333333
g_mad_mag,150,116,34,0.22666666666666666,0.7733333333333333,77.33333333333333
g_max_mag,150,116,34,0.22666666666666666,0.7733333333333333,77.33333333333333
g_mean_mag,150,116,34,0.22666666666666666,0.7733333333333333,77.33333333333333
g_mean_magerr,150,116,34,0.22666666666666666,0.7733333333333333,77.33333333333333
g_median_abs_norm_resid,150,116,34,0.22666666666666666,0.7733333333333333,77.33333333333333
g_median_mag,150,116,34,0.22666666666666666,0.7733333333333333,77.33333333333333
g_median_magerr,150,116,34,0.22666666666666666,0.7733333333333333,77.33333333333333
g_min_mag,150,116,34,0.22666666666666666,0.7733333333333333,77.33333333333333
g_n_obs,150,116,34,0.22666666666666666,0.7733333333333333,77.33333333333333
g_p05_mag,150,116,34,0.22666666666666666,0.7733333333333333,77.33333333333333
g_p25_mag,150,116,34,0.22666666666666666,0.7733333333333333,77.33333333333333
g_p75_mag,150,116,34,0.22666666666666666,0.7733333333333333,77.33333333333333
g_p95_mag,150,116,34,0.22666666666666666,0.7733333333333333,77.33333333333333
g_p95_p05_mag,150,116,34,0.22666666666666666,0.7733333333333333,77.33333333333333
g_reduced_chi2_like,150,116,34,0.22666666666666666,0.7733333333333333,77.33333333333333
g_rms_mag,150,116,34,0.22666666666666666,0.7733333333333333,77.33333333333333
g_std_mag,150,116,34,0.22666666666666666,0.7733333333333333,77.33333333333333
g_weighted_mean_mag,150,116,34,0.22666666666666666,0.7733333333333333,77.33333333333333
r_amplitude_mag,150,130,20,0.13333333333333333,0.8666666666666667,86.66666666666667
r_baseline_days,150,130,20,0.13333333333333333,0.8666666666666667,86.66666666666667
r_iqr_mag,150,130,20,0.13333333333333333,0.8666666666666667,86.66666666666667
r_mad_mag,150,130,20,0.13333333333333333,0.8666666666666667,86.66666666666667
r_max_mag,150,130,20,0.13333333333333333,0.8666666666666667,86.66666666666667
r_mean_mag,150,130,20,0.13333333333333333,0.8666666666666667,86.66666666666667
r_mean_magerr,150,130,20,0.13333333333333333,0.8666666666666667,86.66666666666667
r_median_abs_norm_resid,150,130,20,0.13333333333333333,0.8666666666666667,86.66666666666667
r_median_mag,150,130,20,0.13333333333333333,0.8666666666666667,86.66666666666667
r_median_magerr,150,130,20,0.13333333333333333,0.8666666666666667,86.66666666666667
r_min_mag,150,130,20,0.13333333333333333,0.8666666666666667,86.66666666666667
r_n_obs,150,130,20,0.13333333333333333,0.8666666666666667,86.66666666666667
r_p05_mag,150,130,20,0.13333333333333333,0.8666666666666667,86.66666666666667
r_p25_mag,150,130,20,0.13333333333333333,0.8666666666666667,86.66666666666667
r_p75_mag,150,130,20,0.13333333333333333,0.8666666666666667,86.66666666666667
r_p95_mag,150,130,20,0.13333333333333333,0.8666666666666667,86.66666666666667
r_p95_p05_mag,150,130,20,0.13333333333333333,0.8666666666666667,86.66666666666667
r_reduced_chi2_like,150,130,20,0.13333333333333333,0.8666666666666667,86.66666666666667
r_rms_mag,150,130,20,0.13333333333333333,0.8666666666666667,86.66666666666667
r_std_mag,150,130,20,0.13333333333333333,0.8666666666666667,86.66666666666667
r_weighted_mean_mag,150,130,20,0.13333333333333333,0.8666666666666667,86.66666666666667
g_variability_ratio,150,134,16,0.10666666666666667,0.8933333333333333,89.33333333333333
mean_color_gr,150,134,16,0.10666666666666667,0.8933333333333333,89.33333333333333
median_color_gr,150,134,16,0.10666666666666667,0.8933333333333333,89.33333333333333
r_variability_ratio,150,134,16,0.10666666666666667,0.8933333333333333,89.33333333333333
label_probability,150,150,0,0.0,1.0,100.0
